fecha;consumo;medidor
1/15/2025 01:00;103288.9997;AGUA_TRATADA
1/15/2025 02:00;103289.9997;AGUA_TRATADA
1/15/2025 03:00;103290.9997;AGUA_TRATADA
1/15/2025 04:00;103291;AGUA_TRATADA
1/15/2025 05:00;103291.9997;AGUA_TRATADA
1/15/2025 06:00;103293.9994;AGUA_TRATADA
1/15/2025 07:00;103297.9989;AGUA_TRATADA
1/15/2025 08:00;103304.9981;AGUA_TRATADA
1/15/2025 09:00;103317.9964;AGUA_TRATADA
1/15/2025 10:00;103333.9956;AGUA_TRATADA
1/15/2025 11:00;103350.9953;AGUA_TRATADA
1/15/2025 12:00;103367.9953;AGUA_TRATADA
1/15/2025 13:00;103381.9961;AGUA_TRATADA
1/15/2025 14:00;103397.9956;AGUA_TRATADA
1/15/2025 15:00;103413.9956;AGUA_TRATADA
1/15/2025 16:00;103431.995;AGUA_TRATADA
1/15/2025 17:00;103444.9964;AGUA_TRATADA
1/15/2025 18:00;103455.9969;AGUA_TRATADA
1/15/2025 19:00;103463.9978;AGUA_TRATADA
1/15/2025 20:00;103471.9978;AGUA_TRATADA
1/15/2025 21:00;103478.9981;AGUA_TRATADA
1/15/2025 22:00;103481.9992;AGUA_TRATADA
1/15/2025 23:00;103482.9997;AGUA_TRATADA
1/16/2025 00:00;103483.9997;AGUA_TRATADA
1/16/2025 01:00;103484;AGUA_TRATADA
1/16/2025 02:00;103484.9997;AGUA_TRATADA
1/16/2025 03:00;103485.9997;AGUA_TRATADA
1/16/2025 04:00;103486;AGUA_TRATADA
1/16/2025 05:00;103486.9997;AGUA_TRATADA
1/16/2025 06:00;103487.9997;AGUA_TRATADA
1/16/2025 07:00;103490.9992;AGUA_TRATADA
1/16/2025 08:00;103495.9986;AGUA_TRATADA
1/16/2025 09:00;103505.9972;AGUA_TRATADA
1/16/2025 10:00;103517.9967;AGUA_TRATADA
1/16/2025 11:00;103535.995;AGUA_TRATADA
1/16/2025 12:00;103554.9947;AGUA_TRATADA
1/16/2025 13:00;103570.9956;AGUA_TRATADA
1/16/2025 14:00;103588.995;AGUA_TRATADA
1/16/2025 15:00;103605.9953;AGUA_TRATADA
1/16/2025 16:00;103624.9947;AGUA_TRATADA
1/16/2025 17:00;103638.9961;AGUA_TRATADA
1/16/2025 18:00;103644.9983;AGUA_TRATADA
1/16/2025 19:00;103647.9992;AGUA_TRATADA
1/16/2025 20:00;103649.9994;AGUA_TRATADA
1/16/2025 21:00;103650.9997;AGUA_TRATADA
1/16/2025 22:00;103651.9997;AGUA_TRATADA
1/16/2025 23:00;103652.9997;AGUA_TRATADA
1/17/2025 00:00;103653.9997;AGUA_TRATADA
1/17/2025 01:00;103654.9997;AGUA_TRATADA
1/17/2025 02:00;103655.9997;AGUA_TRATADA
1/17/2025 03:00;103656.9997;AGUA_TRATADA
1/17/2025 04:00;103657.9997;AGUA_TRATADA
1/17/2025 05:00;103658.9997;AGUA_TRATADA
1/17/2025 06:00;103660.9994;AGUA_TRATADA
1/17/2025 07:00;103666.9983;AGUA_TRATADA
1/17/2025 08:00;103673.9981;AGUA_TRATADA
1/17/2025 09:00;103686.9964;AGUA_TRATADA
1/17/2025 10:00;103700.9961;AGUA_TRATADA
1/17/2025 11:00;103713.9964;AGUA_TRATADA
1/17/2025 12:00;103730.9953;AGUA_TRATADA
1/17/2025 13:00;103743.9964;AGUA_TRATADA
1/17/2025 14:00;103761.995;AGUA_TRATADA
1/17/2025 15:00;103778.9953;AGUA_TRATADA
1/17/2025 16:00;103796.995;AGUA_TRATADA
1/17/2025 17:00;103809.9964;AGUA_TRATADA
1/17/2025 18:00;103815.9983;AGUA_TRATADA
1/17/2025 19:00;103818.9992;AGUA_TRATADA
1/17/2025 20:00;103820.9994;AGUA_TRATADA
1/17/2025 21:00;103823.9992;AGUA_TRATADA
1/17/2025 22:00;103825.9994;AGUA_TRATADA
1/17/2025 23:00;103827.9994;AGUA_TRATADA
1/18/2025 00:00;103829.9994;AGUA_TRATADA
1/18/2025 01:00;103831.9994;AGUA_TRATADA
1/18/2025 02:00;103833.9994;AGUA_TRATADA
1/18/2025 03:00;103835.9994;AGUA_TRATADA
1/18/2025 04:00;103837.9994;AGUA_TRATADA
1/18/2025 05:00;103839.9994;AGUA_TRATADA
1/18/2025 06:00;103841.9994;AGUA_TRATADA
1/18/2025 07:00;103844.9992;AGUA_TRATADA
1/18/2025 08:00;103848.9989;AGUA_TRATADA
1/18/2025 09:00;103852.9989;AGUA_TRATADA
1/18/2025 10:00;103855.9992;AGUA_TRATADA
1/18/2025 11:00;103857.9994;AGUA_TRATADA
1/18/2025 12:00;103860.9992;AGUA_TRATADA
1/18/2025 13:00;103863.9992;AGUA_TRATADA
1/18/2025 14:00;103865.9994;AGUA_TRATADA
1/18/2025 15:00;103868.9992;AGUA_TRATADA
1/18/2025 16:00;103870.9994;AGUA_TRATADA
1/18/2025 17:00;103873.9992;AGUA_TRATADA
1/18/2025 18:00;103875.9994;AGUA_TRATADA
1/18/2025 19:00;103877.9994;AGUA_TRATADA
1/18/2025 20:00;103879.9994;AGUA_TRATADA
1/18/2025 21:00;103881.9994;AGUA_TRATADA
1/18/2025 22:00;103882.9997;AGUA_TRATADA
1/18/2025 23:00;103884.9994;AGUA_TRATADA
1/19/2025 00:00;103886.9994;AGUA_TRATADA
1/19/2025 01:00;103888.9994;AGUA_TRATADA
1/19/2025 02:00;103890.9994;AGUA_TRATADA
1/19/2025 03:00;103892.9994;AGUA_TRATADA
1/19/2025 04:00;103894.9994;AGUA_TRATADA
1/19/2025 05:00;103896.9994;AGUA_TRATADA
1/19/2025 06:00;103897.9997;AGUA_TRATADA
1/19/2025 07:00;103899.9994;AGUA_TRATADA
1/19/2025 08:00;103901.9994;AGUA_TRATADA
1/19/2025 09:00;103904.9992;AGUA_TRATADA
1/19/2025 10:00;103906.9994;AGUA_TRATADA
1/19/2025 11:00;103911.9986;AGUA_TRATADA
1/19/2025 12:00;103914.9992;AGUA_TRATADA
1/19/2025 13:00;103917.9992;AGUA_TRATADA
1/19/2025 14:00;103920.9992;AGUA_TRATADA
1/19/2025 15:00;103922.9994;AGUA_TRATADA
1/19/2025 16:00;103926.9989;AGUA_TRATADA
1/19/2025 17:00;103929.9992;AGUA_TRATADA
1/19/2025 18:00;103933.9989;AGUA_TRATADA
1/19/2025 19:00;103937.9989;AGUA_TRATADA
1/19/2025 20:00;103940.9992;AGUA_TRATADA
1/19/2025 21:00;103944.9989;AGUA_TRATADA
1/19/2025 22:00;103947.9992;AGUA_TRATADA
1/19/2025 23:00;103951.9989;AGUA_TRATADA
1/20/2025 00:00;103955.9989;AGUA_TRATADA
1/20/2025 01:00;103958.9992;AGUA_TRATADA
1/20/2025 02:00;103962.9989;AGUA_TRATADA
1/20/2025 03:00;103965.9992;AGUA_TRATADA
1/20/2025 04:00;103968.9992;AGUA_TRATADA
1/20/2025 05:00;103972.9989;AGUA_TRATADA
1/20/2025 06:00;103976.9989;AGUA_TRATADA
1/20/2025 07:00;103981.9986;AGUA_TRATADA
1/20/2025 08:00;103988.9981;AGUA_TRATADA
1/20/2025 09:00;103998.9972;AGUA_TRATADA
1/20/2025 10:00;104009.9969;AGUA_TRATADA
1/20/2025 11:00;104020.9969;AGUA_TRATADA
1/20/2025 12:00;104029.9975;AGUA_TRATADA
1/20/2025 13:00;104036.9981;AGUA_TRATADA
1/20/2025 14:00;104044.9978;AGUA_TRATADA
1/20/2025 15:00;104051.9981;AGUA_TRATADA
1/20/2025 16:00;104060.9975;AGUA_TRATADA
1/20/2025 17:00;104064.9989;AGUA_TRATADA
1/20/2025 18:00;104067.9992;AGUA_TRATADA
1/20/2025 19:00;104070.9992;AGUA_TRATADA
1/20/2025 20:00;104073.9992;AGUA_TRATADA
1/20/2025 21:00;104075.9994;AGUA_TRATADA
1/20/2025 22:00;104078.9992;AGUA_TRATADA
1/20/2025 23:00;104081.9992;AGUA_TRATADA
1/21/2025 00:00;104084.9992;AGUA_TRATADA
1/21/2025 01:00;104086.9994;AGUA_TRATADA
1/21/2025 02:00;104088.9994;AGUA_TRATADA
1/21/2025 03:00;104091.9992;AGUA_TRATADA
1/21/2025 04:00;104093.9994;AGUA_TRATADA
1/21/2025 05:00;104096.9992;AGUA_TRATADA
1/21/2025 06:00;104099.9992;AGUA_TRATADA
1/21/2025 07:00;104103.9989;AGUA_TRATADA
1/21/2025 08:00;104110.9981;AGUA_TRATADA
1/21/2025 09:00;104123.9964;AGUA_TRATADA
1/21/2025 10:00;104138.9958;AGUA_TRATADA
1/21/2025 11:00;104154.9956;AGUA_TRATADA
1/21/2025 12:00;104173.9947;AGUA_TRATADA
1/21/2025 13:00;104186.9964;AGUA_TRATADA
1/21/2025 14:00;104201.9958;AGUA_TRATADA
1/21/2025 15:00;104215.9961;AGUA_TRATADA
1/21/2025 16:00;104232.9953;AGUA_TRATADA
1/21/2025 17:00;104243.9969;AGUA_TRATADA
1/21/2025 18:00;104248.9986;AGUA_TRATADA
1/21/2025 19:00;104252.9989;AGUA_TRATADA
1/21/2025 20:00;104254.9994;AGUA_TRATADA
1/21/2025 21:00;104255.9997;AGUA_TRATADA
1/21/2025 22:00;104256.9997;AGUA_TRATADA
1/21/2025 23:00;104257.9997;AGUA_TRATADA
1/22/2025 00:00;104258.9997;AGUA_TRATADA
1/22/2025 01:00;104259.9997;AGUA_TRATADA
1/22/2025 02:00;104260.9997;AGUA_TRATADA
1/22/2025 03:00;104261.9997;AGUA_TRATADA
1/22/2025 04:00;104262.9997;AGUA_TRATADA
1/22/2025 05:00;104263;AGUA_TRATADA
1/22/2025 06:00;104265.9992;AGUA_TRATADA
1/22/2025 07:00;104270.9986;AGUA_TRATADA
1/22/2025 08:00;104278.9978;AGUA_TRATADA
1/22/2025 09:00;104290.9967;AGUA_TRATADA
1/22/2025 10:00;104305.9958;AGUA_TRATADA
1/22/2025 11:00;104322.9953;AGUA_TRATADA
1/22/2025 12:00;104339.9953;AGUA_TRATADA
1/22/2025 13:00;104352.9964;AGUA_TRATADA
1/22/2025 14:00;104371.9947;AGUA_TRATADA
1/22/2025 15:00;104386.9958;AGUA_TRATADA
1/22/2025 16:00;104407.9942;AGUA_TRATADA
1/22/2025 17:00;104422.9958;AGUA_TRATADA
1/22/2025 18:00;104427.9986;AGUA_TRATADA
1/22/2025 19:00;104430.9992;AGUA_TRATADA
1/22/2025 20:00;104432.9994;AGUA_TRATADA
1/22/2025 21:00;104433;AGUA_TRATADA
1/22/2025 22:00;104433;AGUA_TRATADA
1/22/2025 23:00;104433;AGUA_TRATADA
1/23/2025 00:00;104433;AGUA_TRATADA
1/23/2025 01:00;104433;AGUA_TRATADA
1/23/2025 02:00;104433;AGUA_TRATADA
1/23/2025 03:00;104433;AGUA_TRATADA
1/23/2025 04:00;104433;AGUA_TRATADA
1/23/2025 05:00;104433;AGUA_TRATADA
1/23/2025 06:00;104433;AGUA_TRATADA
1/23/2025 07:00;104433;AGUA_TRATADA
1/23/2025 08:00;104439.9981;AGUA_TRATADA
1/23/2025 09:00;104451.9967;AGUA_TRATADA
1/23/2025 10:00;104465.9961;AGUA_TRATADA
1/23/2025 11:00;104481.9956;AGUA_TRATADA
1/23/2025 12:00;104498.9953;AGUA_TRATADA
1/23/2025 13:00;104511.9964;AGUA_TRATADA
1/23/2025 14:00;104530.9947;AGUA_TRATADA
1/23/2025 15:00;104550.9944;AGUA_TRATADA
1/23/2025 16:00;104574.9933;AGUA_TRATADA
1/23/2025 17:00;104588.9961;AGUA_TRATADA
1/23/2025 18:00;104594.9983;AGUA_TRATADA
1/23/2025 19:00;104597.9992;AGUA_TRATADA
1/23/2025 20:00;104598.9997;AGUA_TRATADA
1/23/2025 21:00;104600.9994;AGUA_TRATADA
1/23/2025 22:00;104601;AGUA_TRATADA
1/23/2025 23:00;104601.9997;AGUA_TRATADA
1/24/2025 00:00;104602;AGUA_TRATADA
1/24/2025 01:00;104602.9997;AGUA_TRATADA
1/24/2025 02:00;104603;AGUA_TRATADA
1/24/2025 03:00;104603;AGUA_TRATADA
1/24/2025 04:00;104603.9997;AGUA_TRATADA
1/24/2025 05:00;104604;AGUA_TRATADA
1/24/2025 06:00;104605.9994;AGUA_TRATADA
1/24/2025 07:00;104609.9989;AGUA_TRATADA
1/24/2025 08:00;104616.9981;AGUA_TRATADA
1/24/2025 09:00;104627.9969;AGUA_TRATADA
1/24/2025 10:00;104640.9964;AGUA_TRATADA
1/24/2025 11:00;104655.9958;AGUA_TRATADA
1/24/2025 12:00;104672.9953;AGUA_TRATADA
1/24/2025 13:00;104685.9964;AGUA_TRATADA
1/24/2025 14:00;104704.9947;AGUA_TRATADA
1/24/2025 15:00;104722.995;AGUA_TRATADA
1/24/2025 16:00;104738.9956;AGUA_TRATADA
1/24/2025 17:00;104752.9961;AGUA_TRATADA
1/24/2025 18:00;104756.9989;AGUA_TRATADA
1/24/2025 19:00;104759.9992;AGUA_TRATADA
1/24/2025 20:00;104760.9997;AGUA_TRATADA
1/24/2025 21:00;104761.9997;AGUA_TRATADA
1/24/2025 22:00;104762;AGUA_TRATADA
1/24/2025 23:00;104762.9997;AGUA_TRATADA
1/25/2025 00:00;104763;AGUA_TRATADA
1/25/2025 01:00;104763;AGUA_TRATADA
1/25/2025 02:00;104763.9997;AGUA_TRATADA
1/25/2025 03:00;104764;AGUA_TRATADA
1/25/2025 04:00;104764;AGUA_TRATADA
1/25/2025 05:00;104764;AGUA_TRATADA
1/25/2025 06:00;104764.9997;AGUA_TRATADA
1/25/2025 07:00;104765;AGUA_TRATADA
1/25/2025 08:00;104765.9997;AGUA_TRATADA
1/25/2025 09:00;104766.9997;AGUA_TRATADA
1/25/2025 10:00;104767.9997;AGUA_TRATADA
1/25/2025 11:00;104769.9994;AGUA_TRATADA
1/25/2025 12:00;104771.9994;AGUA_TRATADA
1/25/2025 13:00;104772.9997;AGUA_TRATADA
1/25/2025 14:00;104773;AGUA_TRATADA
1/25/2025 15:00;104774.9994;AGUA_TRATADA
1/25/2025 16:00;104776.9994;AGUA_TRATADA
1/25/2025 17:00;104777.9997;AGUA_TRATADA
1/25/2025 18:00;104778.9997;AGUA_TRATADA
1/25/2025 19:00;104779.9997;AGUA_TRATADA
1/25/2025 20:00;104780;AGUA_TRATADA
1/25/2025 21:00;104780.9997;AGUA_TRATADA
1/25/2025 22:00;104781;AGUA_TRATADA
1/25/2025 23:00;104781.9997;AGUA_TRATADA
1/26/2025 00:00;104782;AGUA_TRATADA
1/26/2025 01:00;104782.9997;AGUA_TRATADA
1/26/2025 02:00;104783;AGUA_TRATADA
1/26/2025 03:00;104783.9997;AGUA_TRATADA
1/26/2025 04:00;104784;AGUA_TRATADA
1/26/2025 05:00;104784;AGUA_TRATADA
1/26/2025 06:00;104784.9997;AGUA_TRATADA
1/26/2025 07:00;104785;AGUA_TRATADA
1/26/2025 08:00;104785.9997;AGUA_TRATADA
1/26/2025 09:00;104786.9997;AGUA_TRATADA
1/26/2025 10:00;104787;AGUA_TRATADA
1/26/2025 11:00;104787;AGUA_TRATADA
1/26/2025 12:00;104788.9994;AGUA_TRATADA
1/26/2025 13:00;104790.9994;AGUA_TRATADA
1/26/2025 14:00;104791.9997;AGUA_TRATADA
1/26/2025 15:00;104792.9997;AGUA_TRATADA
1/26/2025 16:00;104793.9997;AGUA_TRATADA
1/26/2025 17:00;104794;AGUA_TRATADA
1/26/2025 18:00;104794.9997;AGUA_TRATADA
1/26/2025 19:00;104795;AGUA_TRATADA
1/26/2025 20:00;104795.9997;AGUA_TRATADA
1/26/2025 21:00;104796;AGUA_TRATADA
1/26/2025 22:00;104796.9997;AGUA_TRATADA
1/26/2025 23:00;104797;AGUA_TRATADA
1/27/2025 00:00;104797.9997;AGUA_TRATADA
1/27/2025 01:00;104798;AGUA_TRATADA
1/27/2025 02:00;104798.9997;AGUA_TRATADA
1/27/2025 03:00;104799;AGUA_TRATADA
1/27/2025 04:00;104799.9997;AGUA_TRATADA
1/27/2025 05:00;104800;AGUA_TRATADA
1/27/2025 06:00;104801.9994;AGUA_TRATADA
1/27/2025 07:00;104806.9986;AGUA_TRATADA
1/27/2025 08:00;104814.9978;AGUA_TRATADA
1/27/2025 09:00;104827.9964;AGUA_TRATADA
1/27/2025 10:00;104841.9961;AGUA_TRATADA
1/27/2025 11:00;104857.9956;AGUA_TRATADA
1/27/2025 12:00;104876.9947;AGUA_TRATADA
1/27/2025 13:00;104889.9964;AGUA_TRATADA
1/27/2025 14:00;104905.9956;AGUA_TRATADA
1/27/2025 15:00;104920.9958;AGUA_TRATADA
1/27/2025 16:00;104938.995;AGUA_TRATADA
1/27/2025 17:00;104950.9967;AGUA_TRATADA
1/27/2025 18:00;104955.9986;AGUA_TRATADA
1/27/2025 19:00;104958.9992;AGUA_TRATADA
1/27/2025 20:00;104959.9997;AGUA_TRATADA
1/27/2025 21:00;104960.9997;AGUA_TRATADA
1/27/2025 22:00;104961.9997;AGUA_TRATADA
1/27/2025 23:00;104962;AGUA_TRATADA
1/28/2025 00:00;104962.9997;AGUA_TRATADA
1/28/2025 01:00;104963;AGUA_TRATADA
1/28/2025 02:00;104963.9997;AGUA_TRATADA
1/28/2025 03:00;104964;AGUA_TRATADA
1/28/2025 04:00;104964.9997;AGUA_TRATADA
1/28/2025 05:00;104965;AGUA_TRATADA
1/28/2025 06:00;104965.9997;AGUA_TRATADA
1/28/2025 07:00;104967.9994;AGUA_TRATADA
1/28/2025 08:00;104972.9986;AGUA_TRATADA
1/28/2025 09:00;104983.9969;AGUA_TRATADA
1/28/2025 10:00;104996.9964;AGUA_TRATADA
1/28/2025 11:00;105011.9958;AGUA_TRATADA
1/28/2025 12:00;105028.9953;AGUA_TRATADA
1/28/2025 13:00;105042.9961;AGUA_TRATADA
1/28/2025 14:00;105058.9956;AGUA_TRATADA
1/28/2025 15:00;105074.9956;AGUA_TRATADA
1/28/2025 16:00;105091.9953;AGUA_TRATADA
1/28/2025 17:00;105104.9964;AGUA_TRATADA
1/28/2025 18:00;105109.9986;AGUA_TRATADA
1/28/2025 19:00;105111.9994;AGUA_TRATADA
1/28/2025 20:00;105112.9997;AGUA_TRATADA
1/28/2025 21:00;105113.9997;AGUA_TRATADA
1/28/2025 22:00;105114;AGUA_TRATADA
1/28/2025 23:00;105114.9997;AGUA_TRATADA
1/29/2025 00:00;105115;AGUA_TRATADA
1/29/2025 01:00;105115;AGUA_TRATADA
1/29/2025 02:00;105115;AGUA_TRATADA
1/29/2025 03:00;105115.9997;AGUA_TRATADA
1/29/2025 04:00;105116;AGUA_TRATADA
1/29/2025 05:00;105116;AGUA_TRATADA
1/29/2025 06:00;105116.9997;AGUA_TRATADA
1/29/2025 07:00;105121.9986;AGUA_TRATADA
1/29/2025 08:00;105127.9983;AGUA_TRATADA
1/29/2025 09:00;105139.9967;AGUA_TRATADA
1/29/2025 10:00;105152.9964;AGUA_TRATADA
1/29/2025 11:00;105167.9958;AGUA_TRATADA
1/29/2025 12:00;105182.9958;AGUA_TRATADA
1/29/2025 13:00;105194.9967;AGUA_TRATADA
1/29/2025 14:00;105210.9956;AGUA_TRATADA
1/29/2025 15:00;105224.9961;AGUA_TRATADA
1/29/2025 16:00;105239.9958;AGUA_TRATADA
1/29/2025 17:00;105252.9964;AGUA_TRATADA
1/29/2025 18:00;105256.9989;AGUA_TRATADA
1/29/2025 19:00;105258.9994;AGUA_TRATADA
1/29/2025 20:00;105259.9997;AGUA_TRATADA
1/29/2025 21:00;105260;AGUA_TRATADA
1/29/2025 22:00;105260;AGUA_TRATADA
1/29/2025 23:00;105260.9997;AGUA_TRATADA
1/30/2025 00:00;105261;AGUA_TRATADA
1/30/2025 01:00;105261;AGUA_TRATADA
1/30/2025 02:00;105261;AGUA_TRATADA
1/30/2025 03:00;105261;AGUA_TRATADA
1/30/2025 04:00;105261;AGUA_TRATADA
1/30/2025 05:00;105261;AGUA_TRATADA
1/30/2025 06:00;105261.9997;AGUA_TRATADA
1/30/2025 07:00;105263.9994;AGUA_TRATADA
1/30/2025 08:00;105267.9989;AGUA_TRATADA
1/30/2025 09:00;105277.9972;AGUA_TRATADA
1/30/2025 10:00;105290.9964;AGUA_TRATADA
1/30/2025 11:00;105304.9961;AGUA_TRATADA
1/30/2025 12:00;105321.9953;AGUA_TRATADA
1/30/2025 13:00;105332.9969;AGUA_TRATADA
1/30/2025 14:00;105348.9956;AGUA_TRATADA
1/30/2025 15:00;105363.9958;AGUA_TRATADA
1/30/2025 16:00;105380.9953;AGUA_TRATADA
1/30/2025 17:00;105393.9964;AGUA_TRATADA
1/30/2025 18:00;105397.9989;AGUA_TRATADA
1/30/2025 19:00;105399.9994;AGUA_TRATADA
1/30/2025 20:00;105401.9994;AGUA_TRATADA
1/30/2025 21:00;105402.9997;AGUA_TRATADA
1/30/2025 22:00;105403;AGUA_TRATADA
1/30/2025 23:00;105403;AGUA_TRATADA
1/31/2025 00:00;105403.9997;AGUA_TRATADA
1/31/2025 01:00;105404;AGUA_TRATADA
1/31/2025 02:00;105404;AGUA_TRATADA
1/31/2025 03:00;105404;AGUA_TRATADA
1/31/2025 04:00;105404;AGUA_TRATADA
1/31/2025 05:00;105404;AGUA_TRATADA
1/31/2025 06:00;105404.9997;AGUA_TRATADA
1/31/2025 07:00;105409.9986;AGUA_TRATADA
1/31/2025 08:00;105416.9981;AGUA_TRATADA
1/31/2025 09:00;105426.9972;AGUA_TRATADA
1/31/2025 10:00;105438.9967;AGUA_TRATADA
1/31/2025 11:00;105452.9961;AGUA_TRATADA
1/31/2025 12:00;105469.9953;AGUA_TRATADA
1/31/2025 13:00;105482.9964;AGUA_TRATADA
1/31/2025 14:00;105498.9956;AGUA_TRATADA
1/31/2025 15:00;105512.9961;AGUA_TRATADA
1/31/2025 16:00;105528.9956;AGUA_TRATADA
1/31/2025 17:00;105539.9969;AGUA_TRATADA
1/31/2025 18:00;105543.9989;AGUA_TRATADA
1/31/2025 19:00;105544.9997;AGUA_TRATADA
1/31/2025 20:00;105545.9997;AGUA_TRATADA
1/31/2025 21:00;105546.9997;AGUA_TRATADA
1/31/2025 22:00;105547.9997;AGUA_TRATADA
1/31/2025 23:00;105548;AGUA_TRATADA
1/2/2025 00:00;105548;AGUA_TRATADA
1/2/2025 01:00;105548;AGUA_TRATADA
1/2/2025 02:00;105548;AGUA_TRATADA
1/2/2025 03:00;105548.9997;AGUA_TRATADA
1/2/2025 04:00;105549;AGUA_TRATADA
1/2/2025 05:00;105549;AGUA_TRATADA
1/2/2025 06:00;105549;AGUA_TRATADA
1/2/2025 07:00;105549;AGUA_TRATADA
1/2/2025 08:00;105549;AGUA_TRATADA
1/2/2025 09:00;105549.9997;AGUA_TRATADA
1/2/2025 10:00;105550.9997;AGUA_TRATADA
1/2/2025 11:00;105551.9997;AGUA_TRATADA
1/2/2025 12:00;105552;AGUA_TRATADA
1/2/2025 13:00;105552.9997;AGUA_TRATADA
1/2/2025 14:00;105553;AGUA_TRATADA
1/2/2025 15:00;105553.9997;AGUA_TRATADA
1/2/2025 16:00;105554.9997;AGUA_TRATADA
1/2/2025 17:00;105555;AGUA_TRATADA
1/2/2025 18:00;105555;AGUA_TRATADA
1/2/2025 19:00;105555.9997;AGUA_TRATADA
1/2/2025 20:00;105556;AGUA_TRATADA
1/2/2025 21:00;105556;AGUA_TRATADA
1/2/2025 22:00;105556;AGUA_TRATADA
1/2/2025 23:00;105556;AGUA_TRATADA
2/2/2025 00:00;105556;AGUA_TRATADA
2/2/2025 01:00;105556;AGUA_TRATADA
2/2/2025 02:00;105556.9997;AGUA_TRATADA
2/2/2025 03:00;105557;AGUA_TRATADA
2/2/2025 04:00;105557;AGUA_TRATADA
2/2/2025 05:00;105557;AGUA_TRATADA
2/2/2025 06:00;105557;AGUA_TRATADA
2/2/2025 07:00;105557;AGUA_TRATADA
2/2/2025 08:00;105557.9997;AGUA_TRATADA
2/2/2025 09:00;105558.9997;AGUA_TRATADA
2/2/2025 10:00;105559;AGUA_TRATADA
2/2/2025 11:00;105559.9997;AGUA_TRATADA
2/2/2025 12:00;105560.9997;AGUA_TRATADA
2/2/2025 13:00;105561.9997;AGUA_TRATADA
2/2/2025 14:00;105562.9997;AGUA_TRATADA
2/2/2025 15:00;105563;AGUA_TRATADA
2/2/2025 16:00;105563.9997;AGUA_TRATADA
2/2/2025 17:00;105564;AGUA_TRATADA
2/2/2025 18:00;105564;AGUA_TRATADA
2/2/2025 19:00;105564.9997;AGUA_TRATADA
2/2/2025 20:00;105565;AGUA_TRATADA
2/2/2025 21:00;105565;AGUA_TRATADA
2/2/2025 22:00;105565;AGUA_TRATADA
2/2/2025 23:00;105565;AGUA_TRATADA
3/2/2025 00:00;105565;AGUA_TRATADA
3/2/2025 01:00;105565.9997;AGUA_TRATADA
3/2/2025 02:00;105566;AGUA_TRATADA
3/2/2025 03:00;105566;AGUA_TRATADA
3/2/2025 04:00;105566;AGUA_TRATADA
3/2/2025 05:00;105566;AGUA_TRATADA
3/2/2025 06:00;105566.9997;AGUA_TRATADA
3/2/2025 07:00;105572.9983;AGUA_TRATADA
3/2/2025 08:00;105579.9981;AGUA_TRATADA
3/2/2025 09:00;105590.9969;AGUA_TRATADA
3/2/2025 10:00;105602.9967;AGUA_TRATADA
3/2/2025 11:00;105616.9961;AGUA_TRATADA
3/2/2025 12:00;105632.9956;AGUA_TRATADA
3/2/2025 13:00;105643.9969;AGUA_TRATADA
3/2/2025 14:00;105648.9986;AGUA_TRATADA
3/2/2025 15:00;105651.9992;AGUA_TRATADA
3/2/2025 16:00;105654.9992;AGUA_TRATADA
3/2/2025 17:00;105655.9997;AGUA_TRATADA
3/2/2025 18:00;105656.9997;AGUA_TRATADA
3/2/2025 19:00;105657.9997;AGUA_TRATADA
3/2/2025 20:00;105658;AGUA_TRATADA
3/2/2025 21:00;105658.9997;AGUA_TRATADA
3/2/2025 22:00;105659;AGUA_TRATADA
3/2/2025 23:00;105659;AGUA_TRATADA
4/2/2025 00:00;105659.9997;AGUA_TRATADA
4/2/2025 01:00;105660;AGUA_TRATADA
4/2/2025 02:00;105660.9997;AGUA_TRATADA
4/2/2025 03:00;105661;AGUA_TRATADA
4/2/2025 04:00;105661;AGUA_TRATADA
4/2/2025 05:00;105661.9997;AGUA_TRATADA
4/2/2025 06:00;105662.9997;AGUA_TRATADA
4/2/2025 07:00;105663.9997;AGUA_TRATADA
4/2/2025 08:00;105667.9989;AGUA_TRATADA
4/2/2025 09:00;105676.9975;AGUA_TRATADA
4/2/2025 10:00;105690.9961;AGUA_TRATADA
4/2/2025 11:00;105705.9958;AGUA_TRATADA
4/2/2025 12:00;105721.9956;AGUA_TRATADA
4/2/2025 13:00;105733.9967;AGUA_TRATADA
4/2/2025 14:00;105749.9956;AGUA_TRATADA
4/2/2025 15:00;105763.9961;AGUA_TRATADA
4/2/2025 16:00;105781.995;AGUA_TRATADA
4/2/2025 17:00;105793.9967;AGUA_TRATADA
4/2/2025 18:00;105797.9989;AGUA_TRATADA
4/2/2025 19:00;105799.9994;AGUA_TRATADA
4/2/2025 20:00;105800.9997;AGUA_TRATADA
4/2/2025 21:00;105801.9997;AGUA_TRATADA
4/2/2025 22:00;105802.9997;AGUA_TRATADA
4/2/2025 23:00;105803.9997;AGUA_TRATADA
5/2/2025 00:00;105804.9997;AGUA_TRATADA
5/2/2025 01:00;105805;AGUA_TRATADA
5/2/2025 02:00;105805.9997;AGUA_TRATADA
5/2/2025 03:00;105806.9997;AGUA_TRATADA
5/2/2025 04:00;105807;AGUA_TRATADA
5/2/2025 05:00;105807.9997;AGUA_TRATADA
5/2/2025 06:00;105808.9997;AGUA_TRATADA
5/2/2025 07:00;105813.9986;AGUA_TRATADA
5/2/2025 08:00;105820.9981;AGUA_TRATADA
5/2/2025 09:00;105831.9969;AGUA_TRATADA
5/2/2025 10:00;105844.9964;AGUA_TRATADA
5/2/2025 11:00;105858.9961;AGUA_TRATADA
5/2/2025 12:00;105875.9953;AGUA_TRATADA
5/2/2025 13:00;105887.9967;AGUA_TRATADA
5/2/2025 14:00;105903.9956;AGUA_TRATADA
5/2/2025 15:00;105918.9958;AGUA_TRATADA
5/2/2025 16:00;105937.9947;AGUA_TRATADA
5/2/2025 17:00;105949.9967;AGUA_TRATADA
5/2/2025 18:00;105953.9989;AGUA_TRATADA
5/2/2025 19:00;105955.9994;AGUA_TRATADA
5/2/2025 20:00;105956.9997;AGUA_TRATADA
5/2/2025 21:00;105957.9997;AGUA_TRATADA
5/2/2025 22:00;105958;AGUA_TRATADA
5/2/2025 23:00;105958.9997;AGUA_TRATADA
6/2/2025 00:00;105959;AGUA_TRATADA
6/2/2025 01:00;105959;AGUA_TRATADA
6/2/2025 02:00;105959;AGUA_TRATADA
6/2/2025 03:00;105959.9997;AGUA_TRATADA
6/2/2025 04:00;105960;AGUA_TRATADA
6/2/2025 05:00;105960;AGUA_TRATADA
6/2/2025 06:00;105960.9997;AGUA_TRATADA
6/2/2025 07:00;105962.9994;AGUA_TRATADA
6/2/2025 08:00;105967.9986;AGUA_TRATADA
6/2/2025 09:00;105977.9972;AGUA_TRATADA
6/2/2025 10:00;105992.9958;AGUA_TRATADA
6/2/2025 11:00;106008.9956;AGUA_TRATADA
6/2/2025 12:00;106025.9953;AGUA_TRATADA
6/2/2025 13:00;106037.9967;AGUA_TRATADA
6/2/2025 14:00;106054.9953;AGUA_TRATADA
6/2/2025 15:00;106070.9956;AGUA_TRATADA
6/2/2025 16:00;106088.995;AGUA_TRATADA
6/2/2025 17:00;106101.9964;AGUA_TRATADA
6/2/2025 18:00;106105.9989;AGUA_TRATADA
6/2/2025 19:00;106107.9994;AGUA_TRATADA
6/2/2025 20:00;106108.9997;AGUA_TRATADA
6/2/2025 21:00;106109;AGUA_TRATADA
6/2/2025 22:00;106109.9997;AGUA_TRATADA
6/2/2025 23:00;106110;AGUA_TRATADA
7/2/2025 00:00;106110;AGUA_TRATADA
7/2/2025 01:00;106110;AGUA_TRATADA
7/2/2025 02:00;106110;AGUA_TRATADA
7/2/2025 03:00;106110;AGUA_TRATADA
7/2/2025 04:00;106110.9997;AGUA_TRATADA
7/2/2025 05:00;106111;AGUA_TRATADA
7/2/2025 06:00;106111;AGUA_TRATADA
7/2/2025 07:00;106113.9992;AGUA_TRATADA
7/2/2025 08:00;106120.9981;AGUA_TRATADA
7/2/2025 09:00;106130.9972;AGUA_TRATADA
7/2/2025 10:00;106143.9964;AGUA_TRATADA
7/2/2025 11:00;106158.9958;AGUA_TRATADA
7/2/2025 12:00;106176.995;AGUA_TRATADA
7/2/2025 13:00;106187.9969;AGUA_TRATADA
7/2/2025 14:00;106202.9958;AGUA_TRATADA
7/2/2025 15:00;106218.9956;AGUA_TRATADA
7/2/2025 16:00;106235.9953;AGUA_TRATADA
7/2/2025 17:00;106246.9969;AGUA_TRATADA
7/2/2025 18:00;106250.9989;AGUA_TRATADA
7/2/2025 19:00;106252.9994;AGUA_TRATADA
7/2/2025 20:00;106253.9997;AGUA_TRATADA
7/2/2025 21:00;106254;AGUA_TRATADA
7/2/2025 22:00;106254.9997;AGUA_TRATADA
7/2/2025 23:00;106255;AGUA_TRATADA
8/2/2025 00:00;106255;AGUA_TRATADA
8/2/2025 01:00;106255.9997;AGUA_TRATADA
8/2/2025 02:00;106256;AGUA_TRATADA
8/2/2025 03:00;106256;AGUA_TRATADA
8/2/2025 04:00;106256.9997;AGUA_TRATADA
8/2/2025 05:00;106257;AGUA_TRATADA
8/2/2025 06:00;106257;AGUA_TRATADA
8/2/2025 07:00;106257.9997;AGUA_TRATADA
8/2/2025 08:00;106258.9997;AGUA_TRATADA
8/2/2025 09:00;106259;AGUA_TRATADA
8/2/2025 10:00;106259.9997;AGUA_TRATADA
8/2/2025 11:00;106261.9994;AGUA_TRATADA
8/2/2025 12:00;106262.9997;AGUA_TRATADA
8/2/2025 13:00;106264.9994;AGUA_TRATADA
8/2/2025 14:00;106266.9994;AGUA_TRATADA
8/2/2025 15:00;106267.9997;AGUA_TRATADA
8/2/2025 16:00;106268.9997;AGUA_TRATADA
8/2/2025 17:00;106269.9997;AGUA_TRATADA
8/2/2025 18:00;106270;AGUA_TRATADA
8/2/2025 19:00;106270.9997;AGUA_TRATADA
8/2/2025 20:00;106271;AGUA_TRATADA
8/2/2025 21:00;106271.9997;AGUA_TRATADA
8/2/2025 22:00;106272;AGUA_TRATADA
8/2/2025 23:00;106272;AGUA_TRATADA
9/2/2025 00:00;106272.9997;AGUA_TRATADA
9/2/2025 01:00;106273;AGUA_TRATADA
9/2/2025 02:00;106273.9997;AGUA_TRATADA
9/2/2025 03:00;106274;AGUA_TRATADA
9/2/2025 04:00;106274;AGUA_TRATADA
9/2/2025 05:00;106274.9997;AGUA_TRATADA
9/2/2025 06:00;106275;AGUA_TRATADA
9/2/2025 07:00;106275.9997;AGUA_TRATADA
9/2/2025 08:00;106276;AGUA_TRATADA
9/2/2025 09:00;106277.9994;AGUA_TRATADA
9/2/2025 10:00;106279.9994;AGUA_TRATADA
9/2/2025 11:00;106280;AGUA_TRATADA
9/2/2025 12:00;106280.9997;AGUA_TRATADA
9/2/2025 13:00;106281.9997;AGUA_TRATADA
9/2/2025 14:00;106282.9997;AGUA_TRATADA
9/2/2025 15:00;106283.9997;AGUA_TRATADA
9/2/2025 16:00;106284.9997;AGUA_TRATADA
9/2/2025 17:00;106285;AGUA_TRATADA
9/2/2025 18:00;106285;AGUA_TRATADA
9/2/2025 19:00;106285.9997;AGUA_TRATADA
9/2/2025 20:00;106286;AGUA_TRATADA
9/2/2025 21:00;106286;AGUA_TRATADA
9/2/2025 22:00;106286.9997;AGUA_TRATADA
9/2/2025 23:00;106287;AGUA_TRATADA
10/2/2025 00:00;106287;AGUA_TRATADA
10/2/2025 01:00;106287.9997;AGUA_TRATADA
10/2/2025 02:00;106288;AGUA_TRATADA
10/2/2025 03:00;106288;AGUA_TRATADA
10/2/2025 04:00;106288;AGUA_TRATADA
10/2/2025 05:00;106288.9997;AGUA_TRATADA
10/2/2025 06:00;106289.9997;AGUA_TRATADA
10/2/2025 07:00;106294.9986;AGUA_TRATADA
10/2/2025 08:00;106302.9978;AGUA_TRATADA
10/2/2025 09:00;106315.9964;AGUA_TRATADA
10/2/2025 10:00;106329.9961;AGUA_TRATADA
10/2/2025 11:00;106344.9958;AGUA_TRATADA
10/2/2025 12:00;106361.9953;AGUA_TRATADA
10/2/2025 13:00;106374.9964;AGUA_TRATADA
10/2/2025 14:00;106390.9956;AGUA_TRATADA
10/2/2025 15:00;106406.9956;AGUA_TRATADA
10/2/2025 16:00;106424.995;AGUA_TRATADA
10/2/2025 17:00;106438.9961;AGUA_TRATADA
10/2/2025 18:00;106442.9989;AGUA_TRATADA
10/2/2025 19:00;106444.9994;AGUA_TRATADA
10/2/2025 20:00;106445.9997;AGUA_TRATADA
10/2/2025 21:00;106446;AGUA_TRATADA
10/2/2025 22:00;106446.9997;AGUA_TRATADA
10/2/2025 23:00;106447;AGUA_TRATADA
11/2/2025 00:00;106447.9997;AGUA_TRATADA
11/2/2025 01:00;106448;AGUA_TRATADA
11/2/2025 02:00;106448.9997;AGUA_TRATADA
11/2/2025 03:00;106449;AGUA_TRATADA
11/2/2025 04:00;106449;AGUA_TRATADA
11/2/2025 05:00;106449;AGUA_TRATADA
11/2/2025 06:00;106449.9997;AGUA_TRATADA
11/2/2025 07:00;106451.9994;AGUA_TRATADA
11/2/2025 08:00;106456.9986;AGUA_TRATADA
11/2/2025 09:00;106466.9972;AGUA_TRATADA
11/2/2025 10:00;106480.9961;AGUA_TRATADA
11/2/2025 11:00;106496.9956;AGUA_TRATADA
11/2/2025 12:00;106512.9956;AGUA_TRATADA
11/2/2025 13:00;106524.9967;AGUA_TRATADA
11/2/2025 14:00;106542.995;AGUA_TRATADA
11/2/2025 15:00;106554.9967;AGUA_TRATADA
11/2/2025 16:00;106578.9933;AGUA_TRATADA
11/2/2025 17:00;106593.9958;AGUA_TRATADA
11/2/2025 18:00;106599.9983;AGUA_TRATADA
11/2/2025 19:00;106602.9992;AGUA_TRATADA
11/2/2025 20:00;106604.9994;AGUA_TRATADA
11/2/2025 21:00;106605.9997;AGUA_TRATADA
11/2/2025 22:00;106606.9997;AGUA_TRATADA
11/2/2025 23:00;106607.9997;AGUA_TRATADA
12/2/2025 00:00;106608.9997;AGUA_TRATADA
12/2/2025 01:00;106609;AGUA_TRATADA
12/2/2025 02:00;106609.9997;AGUA_TRATADA
12/2/2025 03:00;106610.9997;AGUA_TRATADA
12/2/2025 04:00;106611.9997;AGUA_TRATADA
12/2/2025 05:00;106612;AGUA_TRATADA
12/2/2025 06:00;106615.9989;AGUA_TRATADA
12/2/2025 07:00;106621.9983;AGUA_TRATADA
12/2/2025 08:00;106631.9972;AGUA_TRATADA
12/2/2025 09:00;106644.9964;AGUA_TRATADA
12/2/2025 10:00;106659.9958;AGUA_TRATADA
12/2/2025 11:00;106674.9958;AGUA_TRATADA
12/2/2025 12:00;106692.995;AGUA_TRATADA
12/2/2025 13:00;106705.9964;AGUA_TRATADA
12/2/2025 14:00;106722.9953;AGUA_TRATADA
12/2/2025 15:00;106739.9953;AGUA_TRATADA
12/2/2025 16:00;106758.9947;AGUA_TRATADA
12/2/2025 17:00;106772.9961;AGUA_TRATADA
12/2/2025 18:00;106778.9983;AGUA_TRATADA
12/2/2025 19:00;106781.9992;AGUA_TRATADA
12/2/2025 20:00;106784.9992;AGUA_TRATADA
12/2/2025 21:00;106785.9997;AGUA_TRATADA
12/2/2025 22:00;106786.9997;AGUA_TRATADA
12/2/2025 23:00;106788.9994;AGUA_TRATADA
2/13/2025 00:00;106789.9997;AGUA_TRATADA
2/13/2025 01:00;106790.9997;AGUA_TRATADA
2/13/2025 02:00;106791.9997;AGUA_TRATADA
2/13/2025 03:00;106792.9997;AGUA_TRATADA
2/13/2025 04:00;106793.9997;AGUA_TRATADA
2/13/2025 05:00;106794.9997;AGUA_TRATADA
2/13/2025 06:00;106797.9992;AGUA_TRATADA
2/13/2025 07:00;106802.9986;AGUA_TRATADA
2/13/2025 08:00;106809.9981;AGUA_TRATADA
2/13/2025 09:00;106821.9967;AGUA_TRATADA
2/13/2025 10:00;106837.9956;AGUA_TRATADA
2/13/2025 11:00;106854.9953;AGUA_TRATADA
2/13/2025 12:00;106871.9953;AGUA_TRATADA
2/13/2025 13:00;106886.9958;AGUA_TRATADA
2/13/2025 14:00;106904.995;AGUA_TRATADA
2/13/2025 15:00;106921.9953;AGUA_TRATADA
2/13/2025 16:00;106940.9947;AGUA_TRATADA
2/13/2025 17:00;106956.9956;AGUA_TRATADA
2/13/2025 18:00;106962.9983;AGUA_TRATADA
2/13/2025 19:00;106966.9989;AGUA_TRATADA
2/13/2025 20:00;106968.9994;AGUA_TRATADA
2/13/2025 21:00;106970.9994;AGUA_TRATADA
2/13/2025 22:00;106971.9997;AGUA_TRATADA
2/13/2025 23:00;106972.9997;AGUA_TRATADA
2/14/2025 00:00;106973.9997;AGUA_TRATADA
2/14/2025 01:00;106974.9997;AGUA_TRATADA
2/14/2025 02:00;106975.9997;AGUA_TRATADA
2/14/2025 03:00;106977.9994;AGUA_TRATADA
2/14/2025 04:00;106978.9997;AGUA_TRATADA
2/14/2025 05:00;106979.9997;AGUA_TRATADA
2/14/2025 06:00;106982.9992;AGUA_TRATADA
2/14/2025 07:00;106988.9983;AGUA_TRATADA
2/14/2025 08:00;106998.9972;AGUA_TRATADA
2/14/2025 09:00;107011.9964;AGUA_TRATADA
2/14/2025 10:00;107025.9961;AGUA_TRATADA
2/14/2025 11:00;107040.9958;AGUA_TRATADA
2/14/2025 12:00;107057.9953;AGUA_TRATADA
2/14/2025 13:00;107069.9967;AGUA_TRATADA
2/14/2025 14:00;107086.9953;AGUA_TRATADA
2/14/2025 15:00;107103.9953;AGUA_TRATADA
2/14/2025 16:00;107121.995;AGUA_TRATADA
2/14/2025 17:00;107133.9967;AGUA_TRATADA
2/14/2025 18:00;107138.9986;AGUA_TRATADA
2/14/2025 19:00;107141.9992;AGUA_TRATADA
2/14/2025 20:00;107144.9992;AGUA_TRATADA
2/14/2025 21:00;107147.9992;AGUA_TRATADA
2/14/2025 22:00;107149.9994;AGUA_TRATADA
2/14/2025 23:00;107151.9994;AGUA_TRATADA
2/15/2025 00:00;107152.9997;AGUA_TRATADA
2/15/2025 01:00;107154.9994;AGUA_TRATADA
2/15/2025 02:00;107156.9994;AGUA_TRATADA
2/15/2025 03:00;107157.9997;AGUA_TRATADA
2/15/2025 04:00;107159.9994;AGUA_TRATADA
2/15/2025 05:00;107160.9997;AGUA_TRATADA
2/15/2025 06:00;107162.9994;AGUA_TRATADA
2/15/2025 07:00;107166.9989;AGUA_TRATADA
2/15/2025 08:00;107169.9992;AGUA_TRATADA
2/15/2025 09:00;107171.9994;AGUA_TRATADA
2/15/2025 10:00;107173.9994;AGUA_TRATADA
2/15/2025 11:00;107177.9989;AGUA_TRATADA
2/15/2025 12:00;107181.9989;AGUA_TRATADA
2/15/2025 13:00;107185.9989;AGUA_TRATADA
2/15/2025 14:00;107189.9989;AGUA_TRATADA
2/15/2025 15:00;107192.9992;AGUA_TRATADA
2/15/2025 16:00;107196.9989;AGUA_TRATADA
2/15/2025 17:00;107199.9992;AGUA_TRATADA
2/15/2025 18:00;107202.9992;AGUA_TRATADA
2/15/2025 19:00;107204.9994;AGUA_TRATADA
2/15/2025 20:00;107206.9994;AGUA_TRATADA
2/15/2025 21:00;107208.9994;AGUA_TRATADA
2/15/2025 22:00;107211.9992;AGUA_TRATADA
2/15/2025 23:00;107213.9994;AGUA_TRATADA
2/16/2025 00:00;107215.9994;AGUA_TRATADA
2/16/2025 01:00;107217.9994;AGUA_TRATADA
2/16/2025 02:00;107219.9994;AGUA_TRATADA
2/16/2025 03:00;107220.9997;AGUA_TRATADA
2/16/2025 04:00;107223.9992;AGUA_TRATADA
2/16/2025 05:00;107225.9994;AGUA_TRATADA
2/16/2025 06:00;107228.9992;AGUA_TRATADA
2/16/2025 07:00;107230.9994;AGUA_TRATADA
2/16/2025 08:00;107232.9994;AGUA_TRATADA
2/16/2025 09:00;107236.9989;AGUA_TRATADA
2/16/2025 10:00;107239.9992;AGUA_TRATADA
2/16/2025 11:00;107243.9989;AGUA_TRATADA
2/16/2025 12:00;107247.9989;AGUA_TRATADA
2/16/2025 13:00;107251.9989;AGUA_TRATADA
2/16/2025 14:00;107254.9992;AGUA_TRATADA
2/16/2025 15:00;107259.9986;AGUA_TRATADA
2/16/2025 16:00;107262.9992;AGUA_TRATADA
2/16/2025 17:00;107265.9992;AGUA_TRATADA
2/16/2025 18:00;107268.9992;AGUA_TRATADA
2/16/2025 19:00;107271.9992;AGUA_TRATADA
2/16/2025 20:00;107273.9994;AGUA_TRATADA
2/16/2025 21:00;107276.9992;AGUA_TRATADA
2/16/2025 22:00;107278.9994;AGUA_TRATADA
2/16/2025 23:00;107281.9992;AGUA_TRATADA
2/17/2025 00:00;107284.9992;AGUA_TRATADA
2/17/2025 01:00;107286.9994;AGUA_TRATADA
2/17/2025 02:00;107289.9992;AGUA_TRATADA
2/17/2025 03:00;107291.9994;AGUA_TRATADA
2/17/2025 04:00;107293.9994;AGUA_TRATADA
2/17/2025 05:00;107296.9992;AGUA_TRATADA
2/17/2025 06:00;107300.9989;AGUA_TRATADA
2/17/2025 07:00;107308.9978;AGUA_TRATADA
2/17/2025 08:00;107319.9969;AGUA_TRATADA
2/17/2025 09:00;107333.9961;AGUA_TRATADA
2/17/2025 10:00;107348.9958;AGUA_TRATADA
2/17/2025 11:00;107365.9953;AGUA_TRATADA
2/17/2025 12:00;107382.9953;AGUA_TRATADA
2/17/2025 13:00;107395.9964;AGUA_TRATADA
2/17/2025 14:00;107413.995;AGUA_TRATADA
2/17/2025 15:00;107429.9956;AGUA_TRATADA
2/17/2025 16:00;107447.995;AGUA_TRATADA
2/17/2025 17:00;107461.9961;AGUA_TRATADA
2/17/2025 18:00;107468.9981;AGUA_TRATADA
2/17/2025 19:00;107472.9989;AGUA_TRATADA
2/17/2025 20:00;107476.9989;AGUA_TRATADA
2/17/2025 21:00;107479.9992;AGUA_TRATADA
2/17/2025 22:00;107481.9994;AGUA_TRATADA
2/17/2025 23:00;107484.9992;AGUA_TRATADA
2/18/2025 00:00;107487.9992;AGUA_TRATADA
2/18/2025 01:00;107490.9992;AGUA_TRATADA
2/18/2025 02:00;107492.9994;AGUA_TRATADA
2/18/2025 03:00;107494.9994;AGUA_TRATADA
2/18/2025 04:00;107497.9992;AGUA_TRATADA
2/18/2025 05:00;107500.9992;AGUA_TRATADA
2/18/2025 06:00;107504.9989;AGUA_TRATADA
2/18/2025 07:00;107509.9986;AGUA_TRATADA
2/18/2025 08:00;107517.9978;AGUA_TRATADA
2/18/2025 09:00;107530.9964;AGUA_TRATADA
2/18/2025 10:00;107545.9958;AGUA_TRATADA
2/18/2025 11:00;107561.9956;AGUA_TRATADA
2/18/2025 12:00;107578.9953;AGUA_TRATADA
2/18/2025 13:00;107592.9961;AGUA_TRATADA
2/18/2025 14:00;107609.9953;AGUA_TRATADA
2/18/2025 15:00;107626.9953;AGUA_TRATADA
2/18/2025 16:00;107645.9947;AGUA_TRATADA
2/18/2025 17:00;107659.9961;AGUA_TRATADA
2/18/2025 18:00;107666.9981;AGUA_TRATADA
2/18/2025 19:00;107670.9989;AGUA_TRATADA
2/18/2025 20:00;107673.9992;AGUA_TRATADA
2/18/2025 21:00;107676.9992;AGUA_TRATADA
2/18/2025 22:00;107679.9992;AGUA_TRATADA
2/18/2025 23:00;107681.9994;AGUA_TRATADA
2/19/2025 00:00;107683.9994;AGUA_TRATADA
2/19/2025 01:00;107686.9992;AGUA_TRATADA
2/19/2025 02:00;107688.9994;AGUA_TRATADA
2/19/2025 03:00;107690.9994;AGUA_TRATADA
2/19/2025 04:00;107692.9994;AGUA_TRATADA
2/19/2025 05:00;107694.9994;AGUA_TRATADA
2/19/2025 06:00;107699.9986;AGUA_TRATADA
2/19/2025 07:00;107708.9975;AGUA_TRATADA
2/19/2025 08:00;107719.9969;AGUA_TRATADA
2/19/2025 09:00;107734.9958;AGUA_TRATADA
2/19/2025 10:00;107750.9956;AGUA_TRATADA
2/19/2025 11:00;107766.9956;AGUA_TRATADA
2/19/2025 12:00;107785.9947;AGUA_TRATADA
2/19/2025 13:00;107799.9961;AGUA_TRATADA
2/19/2025 14:00;107817.995;AGUA_TRATADA
2/19/2025 15:00;107833.9956;AGUA_TRATADA
2/19/2025 16:00;107854.9942;AGUA_TRATADA
2/19/2025 17:00;107867.9964;AGUA_TRATADA
2/19/2025 18:00;107873.9983;AGUA_TRATADA
2/19/2025 19:00;107876.9992;AGUA_TRATADA
2/19/2025 20:00;107879.9992;AGUA_TRATADA
2/19/2025 21:00;107880.9997;AGUA_TRATADA
2/19/2025 22:00;107881.9997;AGUA_TRATADA
2/19/2025 23:00;107882.9997;AGUA_TRATADA
2/20/2025 00:00;107883.9997;AGUA_TRATADA
2/20/2025 01:00;107884.9997;AGUA_TRATADA
2/20/2025 02:00;107885.9997;AGUA_TRATADA
2/20/2025 03:00;107886.9997;AGUA_TRATADA
2/20/2025 04:00;107887.9997;AGUA_TRATADA
2/20/2025 05:00;107888.9997;AGUA_TRATADA
2/20/2025 06:00;107890.9994;AGUA_TRATADA
2/20/2025 07:00;107894.9989;AGUA_TRATADA
2/20/2025 08:00;107901.9981;AGUA_TRATADA
2/20/2025 09:00;107913.9967;AGUA_TRATADA
2/20/2025 10:00;107927.9961;AGUA_TRATADA
2/20/2025 11:00;107943.9956;AGUA_TRATADA
2/20/2025 12:00;107960.9953;AGUA_TRATADA
2/20/2025 13:00;107973.9964;AGUA_TRATADA
2/20/2025 14:00;107991.995;AGUA_TRATADA
2/20/2025 15:00;108007.9956;AGUA_TRATADA
2/20/2025 16:00;108025.995;AGUA_TRATADA
2/20/2025 17:00;108038.9964;AGUA_TRATADA
2/20/2025 18:00;108044.9983;AGUA_TRATADA
2/20/2025 19:00;108047.9992;AGUA_TRATADA
2/20/2025 20:00;108050.9992;AGUA_TRATADA
2/20/2025 21:00;108051.9997;AGUA_TRATADA
2/20/2025 22:00;108052.9997;AGUA_TRATADA
2/20/2025 23:00;108054.9994;AGUA_TRATADA
2/21/2025 00:00;108055.9997;AGUA_TRATADA
2/21/2025 01:00;108056.9997;AGUA_TRATADA
2/21/2025 02:00;108057;AGUA_TRATADA
2/21/2025 03:00;108057.9997;AGUA_TRATADA
2/21/2025 04:00;108058.9997;AGUA_TRATADA
2/21/2025 05:00;108060.9994;AGUA_TRATADA
2/21/2025 06:00;108062.9994;AGUA_TRATADA
2/21/2025 07:00;108068.9983;AGUA_TRATADA
2/21/2025 08:00;108077.9975;AGUA_TRATADA
2/21/2025 09:00;108089.9967;AGUA_TRATADA
2/21/2025 10:00;108103.9961;AGUA_TRATADA
2/21/2025 11:00;108119.9956;AGUA_TRATADA
2/21/2025 12:00;108136.9953;AGUA_TRATADA
2/21/2025 13:00;108151.9958;AGUA_TRATADA
2/21/2025 14:00;108167.9956;AGUA_TRATADA
2/21/2025 15:00;108185.995;AGUA_TRATADA
2/21/2025 16:00;108202.9953;AGUA_TRATADA
2/21/2025 17:00;108214.9967;AGUA_TRATADA
2/21/2025 18:00;108219.9986;AGUA_TRATADA
2/21/2025 19:00;108222.9992;AGUA_TRATADA
2/21/2025 20:00;108224.9994;AGUA_TRATADA
2/21/2025 21:00;108226.9994;AGUA_TRATADA
2/21/2025 22:00;108228.9994;AGUA_TRATADA
2/21/2025 23:00;108229.9997;AGUA_TRATADA
2/22/2025 00:00;108231.9994;AGUA_TRATADA
2/22/2025 01:00;108232.9997;AGUA_TRATADA
2/22/2025 02:00;108233.9997;AGUA_TRATADA
2/22/2025 03:00;108235.9994;AGUA_TRATADA
2/22/2025 04:00;108236.9997;AGUA_TRATADA
2/22/2025 05:00;108237.9997;AGUA_TRATADA
2/22/2025 06:00;108239.9994;AGUA_TRATADA
2/22/2025 07:00;108241.9994;AGUA_TRATADA
2/22/2025 08:00;108243.9994;AGUA_TRATADA
2/22/2025 09:00;108244.9997;AGUA_TRATADA
2/22/2025 10:00;108246.9994;AGUA_TRATADA
2/22/2025 11:00;108248.9994;AGUA_TRATADA
2/22/2025 12:00;108250.9994;AGUA_TRATADA
2/22/2025 13:00;108253.9992;AGUA_TRATADA
2/22/2025 14:00;108255.9994;AGUA_TRATADA
2/22/2025 15:00;108257.9994;AGUA_TRATADA
2/22/2025 16:00;108260.9992;AGUA_TRATADA
2/22/2025 17:00;108262.9994;AGUA_TRATADA
2/22/2025 18:00;108264.9994;AGUA_TRATADA
2/22/2025 19:00;108266.9994;AGUA_TRATADA
2/22/2025 20:00;108268.9994;AGUA_TRATADA
2/22/2025 21:00;108270.9994;AGUA_TRATADA
2/22/2025 22:00;108272.9994;AGUA_TRATADA
2/22/2025 23:00;108274.9994;AGUA_TRATADA
2/23/2025 00:00;108276.9994;AGUA_TRATADA
2/23/2025 01:00;108278.9994;AGUA_TRATADA
2/23/2025 02:00;108279.9997;AGUA_TRATADA
2/23/2025 03:00;108281.9994;AGUA_TRATADA
2/23/2025 04:00;108283.9994;AGUA_TRATADA
2/23/2025 05:00;108285.9994;AGUA_TRATADA
2/23/2025 06:00;108286.9997;AGUA_TRATADA
2/23/2025 07:00;108288.9994;AGUA_TRATADA
2/23/2025 08:00;108290.9994;AGUA_TRATADA
2/23/2025 09:00;108293.9992;AGUA_TRATADA
2/23/2025 10:00;108296.9992;AGUA_TRATADA
2/23/2025 11:00;108298.9994;AGUA_TRATADA
2/23/2025 12:00;108300.9994;AGUA_TRATADA
2/23/2025 13:00;108301.9997;AGUA_TRATADA
2/23/2025 14:00;108303.9994;AGUA_TRATADA
2/23/2025 15:00;108304.9997;AGUA_TRATADA
2/23/2025 16:00;108306.9994;AGUA_TRATADA
2/23/2025 17:00;108308.9994;AGUA_TRATADA
2/23/2025 18:00;108310.9994;AGUA_TRATADA
2/23/2025 19:00;108312.9994;AGUA_TRATADA
2/23/2025 20:00;108313.9997;AGUA_TRATADA
2/23/2025 21:00;108314.9997;AGUA_TRATADA
2/23/2025 22:00;108316.9994;AGUA_TRATADA
2/23/2025 23:00;108317.9997;AGUA_TRATADA
2/24/2025 00:00;108319.9994;AGUA_TRATADA
2/24/2025 01:00;108320.9997;AGUA_TRATADA
2/24/2025 02:00;108321.9997;AGUA_TRATADA
2/24/2025 03:00;108322.9997;AGUA_TRATADA
2/24/2025 04:00;108324.9994;AGUA_TRATADA
2/24/2025 05:00;108325.9997;AGUA_TRATADA
2/24/2025 06:00;108328.9992;AGUA_TRATADA
2/24/2025 07:00;108335.9981;AGUA_TRATADA
2/24/2025 08:00;108346.9969;AGUA_TRATADA
2/24/2025 09:00;108360.9961;AGUA_TRATADA
2/24/2025 10:00;108375.9958;AGUA_TRATADA
2/24/2025 11:00;108391.9956;AGUA_TRATADA
2/24/2025 12:00;108408.9953;AGUA_TRATADA
2/24/2025 13:00;108421.9964;AGUA_TRATADA
2/24/2025 14:00;108438.9953;AGUA_TRATADA
2/24/2025 15:00;108455.9953;AGUA_TRATADA
2/24/2025 16:00;108474.9947;AGUA_TRATADA
2/24/2025 17:00;108487.9964;AGUA_TRATADA
2/24/2025 18:00;108492.9986;AGUA_TRATADA
2/24/2025 19:00;108495.9992;AGUA_TRATADA
2/24/2025 20:00;108498.9992;AGUA_TRATADA
2/24/2025 21:00;108499.9997;AGUA_TRATADA
2/24/2025 22:00;108500.9997;AGUA_TRATADA
2/24/2025 23:00;108502.9994;AGUA_TRATADA
2/25/2025 00:00;108503;AGUA_TRATADA
2/25/2025 01:00;108503.9997;AGUA_TRATADA
2/25/2025 02:00;108504.9997;AGUA_TRATADA
2/25/2025 03:00;108505.9997;AGUA_TRATADA
2/25/2025 04:00;108506.9997;AGUA_TRATADA
2/25/2025 05:00;108507.9997;AGUA_TRATADA
2/25/2025 06:00;108509.9994;AGUA_TRATADA
2/25/2025 07:00;108512.9992;AGUA_TRATADA
2/25/2025 08:00;108520.9978;AGUA_TRATADA
2/25/2025 09:00;108533.9964;AGUA_TRATADA
2/25/2025 10:00;108546.9964;AGUA_TRATADA
2/25/2025 11:00;108561.9958;AGUA_TRATADA
2/25/2025 12:00;108577.9956;AGUA_TRATADA
2/25/2025 13:00;108587.9972;AGUA_TRATADA
2/25/2025 14:00;108604.9953;AGUA_TRATADA
2/25/2025 15:00;108621.9953;AGUA_TRATADA
2/25/2025 16:00;108640.9947;AGUA_TRATADA
2/25/2025 17:00;108653.9964;AGUA_TRATADA
2/25/2025 18:00;108661.9978;AGUA_TRATADA
2/25/2025 19:00;108664.9992;AGUA_TRATADA
2/25/2025 20:00;108667.9992;AGUA_TRATADA
2/25/2025 21:00;108669.9994;AGUA_TRATADA
2/25/2025 22:00;108670.9997;AGUA_TRATADA
2/25/2025 23:00;108672.9994;AGUA_TRATADA
2/26/2025 00:00;108673.9997;AGUA_TRATADA
2/26/2025 01:00;108674.9997;AGUA_TRATADA
2/26/2025 02:00;108675.9997;AGUA_TRATADA
2/26/2025 03:00;108676.9997;AGUA_TRATADA
2/26/2025 04:00;108677.9997;AGUA_TRATADA
2/26/2025 05:00;108678.9997;AGUA_TRATADA
2/26/2025 06:00;108681.9992;AGUA_TRATADA
2/26/2025 07:00;108687.9983;AGUA_TRATADA
2/26/2025 08:00;108696.9975;AGUA_TRATADA
2/26/2025 09:00;108709.9964;AGUA_TRATADA
2/26/2025 10:00;108724.9958;AGUA_TRATADA
2/26/2025 11:00;108738.9961;AGUA_TRATADA
2/26/2025 12:00;108755.9953;AGUA_TRATADA
2/26/2025 13:00;108768.9964;AGUA_TRATADA
2/26/2025 14:00;108785.9953;AGUA_TRATADA
2/26/2025 15:00;108801.9956;AGUA_TRATADA
2/26/2025 16:00;108820.9947;AGUA_TRATADA
2/26/2025 17:00;108833.9964;AGUA_TRATADA
2/26/2025 18:00;108839.9983;AGUA_TRATADA
2/26/2025 19:00;108842.9992;AGUA_TRATADA
2/26/2025 20:00;108845.9992;AGUA_TRATADA
2/26/2025 21:00;108847.9994;AGUA_TRATADA
2/26/2025 22:00;108848.9997;AGUA_TRATADA
2/26/2025 23:00;108849.9997;AGUA_TRATADA
2/27/2025 00:00;108850.9997;AGUA_TRATADA
2/27/2025 01:00;108851;AGUA_TRATADA
2/27/2025 02:00;108851.9997;AGUA_TRATADA
2/27/2025 03:00;108852.9997;AGUA_TRATADA
2/27/2025 04:00;108853.9997;AGUA_TRATADA
2/27/2025 05:00;108854.9997;AGUA_TRATADA
2/27/2025 06:00;108856.9994;AGUA_TRATADA
2/27/2025 07:00;108860.9989;AGUA_TRATADA
2/27/2025 08:00;108867.9981;AGUA_TRATADA
2/27/2025 09:00;108878.9969;AGUA_TRATADA
2/27/2025 10:00;108892.9961;AGUA_TRATADA
2/27/2025 11:00;108907.9958;AGUA_TRATADA
2/27/2025 12:00;108924.9953;AGUA_TRATADA
2/27/2025 13:00;108937.9964;AGUA_TRATADA
2/27/2025 14:00;108954.9953;AGUA_TRATADA
2/27/2025 15:00;108970.9956;AGUA_TRATADA
2/27/2025 16:00;108988.995;AGUA_TRATADA
2/27/2025 17:00;109001.9964;AGUA_TRATADA
2/27/2025 18:00;109007.9983;AGUA_TRATADA
2/27/2025 19:00;109010.9992;AGUA_TRATADA
2/27/2025 20:00;109012.9994;AGUA_TRATADA
2/27/2025 21:00;109014.9994;AGUA_TRATADA
2/27/2025 22:00;109015;AGUA_TRATADA
2/27/2025 23:00;109015.9997;AGUA_TRATADA
2/28/2025 00:00;109016.9997;AGUA_TRATADA
2/28/2025 01:00;109017.9997;AGUA_TRATADA
2/28/2025 02:00;109018.9997;AGUA_TRATADA
2/28/2025 03:00;109019.9997;AGUA_TRATADA
2/28/2025 04:00;109020.9997;AGUA_TRATADA
2/28/2025 05:00;109021.9997;AGUA_TRATADA
2/28/2025 06:00;109024.9992;AGUA_TRATADA
2/28/2025 07:00;109031.9981;AGUA_TRATADA
2/28/2025 08:00;109040.9975;AGUA_TRATADA
2/28/2025 09:00;109052.9967;AGUA_TRATADA
2/28/2025 10:00;109066.9961;AGUA_TRATADA
2/28/2025 11:00;109081.9958;AGUA_TRATADA
2/28/2025 12:00;109099.995;AGUA_TRATADA
2/28/2025 13:00;109112.9964;AGUA_TRATADA
2/28/2025 14:00;109128.9956;AGUA_TRATADA
2/28/2025 15:00;109144.9956;AGUA_TRATADA
2/28/2025 16:00;109161.9953;AGUA_TRATADA
2/28/2025 17:00;109174.9964;AGUA_TRATADA
2/28/2025 18:00;109179.9986;AGUA_TRATADA
2/28/2025 19:00;109182.9992;AGUA_TRATADA
2/28/2025 20:00;109185.9992;AGUA_TRATADA
2/28/2025 21:00;109186.9997;AGUA_TRATADA
2/28/2025 22:00;109188.9994;AGUA_TRATADA
2/28/2025 23:00;109189.9997;AGUA_TRATADA
1/3/2025 00:00;109191.9994;AGUA_TRATADA
1/3/2025 01:00;109193.9994;AGUA_TRATADA
1/3/2025 02:00;109194.9997;AGUA_TRATADA
1/3/2025 03:00;109196.9994;AGUA_TRATADA
1/3/2025 04:00;109198.9994;AGUA_TRATADA
1/3/2025 05:00;109199.9997;AGUA_TRATADA
1/3/2025 06:00;109201.9994;AGUA_TRATADA
1/3/2025 07:00;109204.9992;AGUA_TRATADA
1/3/2025 08:00;109206.9994;AGUA_TRATADA
1/3/2025 09:00;109208.9994;AGUA_TRATADA
1/3/2025 10:00;109211.9992;AGUA_TRATADA
1/3/2025 11:00;109213.9994;AGUA_TRATADA
1/3/2025 12:00;109215.9994;AGUA_TRATADA
1/3/2025 13:00;109216.9997;AGUA_TRATADA
1/3/2025 14:00;109217.9997;AGUA_TRATADA
1/3/2025 15:00;109219.9994;AGUA_TRATADA
1/3/2025 16:00;109220.9997;AGUA_TRATADA
1/3/2025 17:00;109222.9994;AGUA_TRATADA
1/3/2025 18:00;109223.9997;AGUA_TRATADA
1/3/2025 19:00;109224.9997;AGUA_TRATADA
1/3/2025 20:00;109225.9997;AGUA_TRATADA
1/3/2025 21:00;109227.9994;AGUA_TRATADA
1/3/2025 22:00;109228.9997;AGUA_TRATADA
1/3/2025 23:00;109229.9997;AGUA_TRATADA
2/3/2025 00:00;109230.9997;AGUA_TRATADA
2/3/2025 01:00;109231.9997;AGUA_TRATADA
2/3/2025 02:00;109232.9997;AGUA_TRATADA
2/3/2025 03:00;109233.9997;AGUA_TRATADA
2/3/2025 04:00;109234.9997;AGUA_TRATADA
2/3/2025 05:00;109235.9997;AGUA_TRATADA
2/3/2025 06:00;109236.9997;AGUA_TRATADA
2/3/2025 07:00;109237.9997;AGUA_TRATADA
2/3/2025 08:00;109238.9997;AGUA_TRATADA
2/3/2025 09:00;109241.9992;AGUA_TRATADA
2/3/2025 10:00;109244.9992;AGUA_TRATADA
2/3/2025 11:00;109245.9997;AGUA_TRATADA
2/3/2025 12:00;109247.9994;AGUA_TRATADA
2/3/2025 13:00;109249.9994;AGUA_TRATADA
2/3/2025 14:00;109252.9992;AGUA_TRATADA
2/3/2025 15:00;109255.9992;AGUA_TRATADA
2/3/2025 16:00;109258.9992;AGUA_TRATADA
2/3/2025 17:00;109260.9994;AGUA_TRATADA
2/3/2025 18:00;109262.9994;AGUA_TRATADA
2/3/2025 19:00;109263.9997;AGUA_TRATADA
2/3/2025 20:00;109265.9994;AGUA_TRATADA
2/3/2025 21:00;109267.9994;AGUA_TRATADA
2/3/2025 22:00;109269.9994;AGUA_TRATADA
2/3/2025 23:00;109271.9994;AGUA_TRATADA
3/3/2025 00:00;109273.9994;AGUA_TRATADA
3/3/2025 01:00;109275.9994;AGUA_TRATADA
3/3/2025 02:00;109277.9994;AGUA_TRATADA
3/3/2025 03:00;109279.9994;AGUA_TRATADA
3/3/2025 04:00;109281.9994;AGUA_TRATADA
3/3/2025 05:00;109283.9994;AGUA_TRATADA
3/3/2025 06:00;109285.9994;AGUA_TRATADA
3/3/2025 07:00;109293.9978;AGUA_TRATADA
3/3/2025 08:00;109303.9972;AGUA_TRATADA
3/3/2025 09:00;109317.9961;AGUA_TRATADA
3/3/2025 10:00;109332.9958;AGUA_TRATADA
3/3/2025 11:00;109348.9956;AGUA_TRATADA
3/3/2025 12:00;109365.9953;AGUA_TRATADA
3/3/2025 13:00;109378.9964;AGUA_TRATADA
3/3/2025 14:00;109396.995;AGUA_TRATADA
3/3/2025 15:00;109411.9958;AGUA_TRATADA
3/3/2025 16:00;109429.995;AGUA_TRATADA
3/3/2025 17:00;109442.9964;AGUA_TRATADA
3/3/2025 18:00;109447.9986;AGUA_TRATADA
3/3/2025 19:00;109450.9992;AGUA_TRATADA
3/3/2025 20:00;109452.9994;AGUA_TRATADA
3/3/2025 21:00;109453.9997;AGUA_TRATADA
3/3/2025 22:00;109454.9997;AGUA_TRATADA
3/3/2025 23:00;109456.9994;AGUA_TRATADA
4/3/2025 00:00;109457.9997;AGUA_TRATADA
4/3/2025 01:00;109458.9997;AGUA_TRATADA
4/3/2025 02:00;109459.9997;AGUA_TRATADA
4/3/2025 03:00;109461.9994;AGUA_TRATADA
4/3/2025 04:00;109462.9997;AGUA_TRATADA
4/3/2025 05:00;109463.9997;AGUA_TRATADA
4/3/2025 06:00;109465.9994;AGUA_TRATADA
4/3/2025 07:00;109468.9992;AGUA_TRATADA
4/3/2025 08:00;109475.9981;AGUA_TRATADA
4/3/2025 09:00;109489.9961;AGUA_TRATADA
4/3/2025 10:00;109504.9958;AGUA_TRATADA
4/3/2025 11:00;109520.9956;AGUA_TRATADA
4/3/2025 12:00;109538.995;AGUA_TRATADA
4/3/2025 13:00;109552.9961;AGUA_TRATADA
4/3/2025 14:00;109569.9953;AGUA_TRATADA
4/3/2025 15:00;109585.9956;AGUA_TRATADA
4/3/2025 16:00;109604.9947;AGUA_TRATADA
4/3/2025 17:00;109618.9961;AGUA_TRATADA
4/3/2025 18:00;109623.9986;AGUA_TRATADA
4/3/2025 19:00;109625.9994;AGUA_TRATADA
4/3/2025 20:00;109627.9994;AGUA_TRATADA
4/3/2025 21:00;109628.9997;AGUA_TRATADA
4/3/2025 22:00;109629.9997;AGUA_TRATADA
4/3/2025 23:00;109630.9997;AGUA_TRATADA
5/3/2025 00:00;109631.9997;AGUA_TRATADA
5/3/2025 01:00;109633.9994;AGUA_TRATADA
5/3/2025 02:00;109634.9997;AGUA_TRATADA
5/3/2025 03:00;109635.9997;AGUA_TRATADA
5/3/2025 04:00;109636.9997;AGUA_TRATADA
5/3/2025 05:00;109637.9997;AGUA_TRATADA
5/3/2025 06:00;109640.9992;AGUA_TRATADA
5/3/2025 07:00;109647.9981;AGUA_TRATADA
5/3/2025 08:00;109656.9975;AGUA_TRATADA
5/3/2025 09:00;109669.9964;AGUA_TRATADA
5/3/2025 10:00;109683.9961;AGUA_TRATADA
5/3/2025 11:00;109698.9958;AGUA_TRATADA
5/3/2025 12:00;109714.9956;AGUA_TRATADA
5/3/2025 13:00;109727.9964;AGUA_TRATADA
5/3/2025 14:00;109745.995;AGUA_TRATADA
5/3/2025 15:00;109761.9956;AGUA_TRATADA
5/3/2025 16:00;109779.995;AGUA_TRATADA
5/3/2025 17:00;109792.9964;AGUA_TRATADA
5/3/2025 18:00;109798.9983;AGUA_TRATADA
5/3/2025 19:00;109801.9992;AGUA_TRATADA
5/3/2025 20:00;109804.9992;AGUA_TRATADA
5/3/2025 21:00;109805.9997;AGUA_TRATADA
5/3/2025 22:00;109807.9994;AGUA_TRATADA
5/3/2025 23:00;109808.9997;AGUA_TRATADA
6/3/2025 00:00;109810.9994;AGUA_TRATADA
6/3/2025 01:00;109811.9997;AGUA_TRATADA
6/3/2025 02:00;109812.9997;AGUA_TRATADA
6/3/2025 03:00;109814.9994;AGUA_TRATADA
6/3/2025 04:00;109815.9997;AGUA_TRATADA
6/3/2025 05:00;109816.9997;AGUA_TRATADA
6/3/2025 06:00;109819.9992;AGUA_TRATADA
6/3/2025 07:00;109824.9986;AGUA_TRATADA
6/3/2025 08:00;109831.9981;AGUA_TRATADA
6/3/2025 09:00;109843.9967;AGUA_TRATADA
6/3/2025 10:00;109856.9964;AGUA_TRATADA
6/3/2025 11:00;109871.9958;AGUA_TRATADA
6/3/2025 12:00;109887.9956;AGUA_TRATADA
6/3/2025 13:00;109900.9964;AGUA_TRATADA
6/3/2025 14:00;109917.9953;AGUA_TRATADA
6/3/2025 15:00;109933.9956;AGUA_TRATADA
6/3/2025 16:00;109951.995;AGUA_TRATADA
6/3/2025 17:00;109964.9964;AGUA_TRATADA
6/3/2025 18:00;109970.9983;AGUA_TRATADA
6/3/2025 19:00;109972.9994;AGUA_TRATADA
6/3/2025 20:00;109974.9994;AGUA_TRATADA
6/3/2025 21:00;109975.9997;AGUA_TRATADA
6/3/2025 22:00;109976.9997;AGUA_TRATADA
6/3/2025 23:00;109977.9997;AGUA_TRATADA
7/3/2025 00:00;109978.9997;AGUA_TRATADA
